<?xml version="1.0" encoding="utf-8"?>
<!--Created using XmlSitemapGenerator.org - Free HTML, RSS and XML sitemap generator-->
<rss version="2.0">
  <channel>
    <title>I'M  Jimish Gajjar</title>
    <link>http://jimishgajjar.in</link>
    <description />
    <item>
      <guid>http://jimishgajjar.in/</guid>
      <title>I'M  Jimish Gajjar</title>
      <link>http://jimishgajjar.in/</link>
      <description>Jimish Gajjar Is a Website Developer, UI UX Designer &amp; Digital Markating Consltant in Ahmedabad He Is Also Freelancer in Web Development and Degital Markating.</description>
    </item>
    <item>
      <guid>http://jimishgajjar.in/assets/img/Jimish%20Gajjar%20Resume.pdf</guid>
      <title>Jimish Gajjar Resume.pdf</title>
      <link>http://jimishgajjar.in/assets/img/Jimish%20Gajjar%20Resume.pdf</link>
      <description />
      <pubDate>Fri, 19 Jun 2020 09:59:00 Z</pubDate>
    </item>
  </channel>
</rss>
<!--<guid value="15bb6338-00fb-4f52-9b5d-0fa86c933e23" />-->
<!--Created using XmlSitemapGenerator.org - Free HTML, RSS and XML sitemap generator-->